field_position,field_name,predictive_feature
1,track,0
2,date,0
3,race_no,0
4,post_position,0
5,entry,0
6,distance_in_yards,0
7,surface,0
8,reserved,0
9,race_type,0
10,age_or_sex_restrictions,0
11,todays_race_classification,0
12,purse,0
13,claiming_price,0
14,claiming_price_of_horse,0
15,track_record,0
16,race_conditions,0
17,todays_lasix_list_see_also_field_no63,0
18,todays_bute_list,0
19,todays_coupled_list,0
20,todays_mutuel_list,0
21,simulcast_host_track_code,0
22,simulcast_host_track_race_no,0
23,breed_type_if_available,0
24,todays_nasal_strip_change,0
25,todays_all-weather_surface_flag,0
26,reserved_for_future_use_26,0
27,reserved_for_future_use_27,0
28,todays_trainer,0
29,trainer_sts_current_meet,0
30,trainer_wins_current_meet,0
31,trainer_places_current_meet,0
32,trainer_shows_cureent_meet,0
33,todays_jockey,0
34,apprentice_wgt_allowif_any,0
35,jockey_sts_current_meet,0
36,jockey_wins_current_meet,0
37,jockey_places_current_meet,0
38,jockey_shows_current_meet,0
39,todays_owner,0
40,owners_silks,0
41,main_track_only_or_ae_indicator,0
42,reserved_for_possible_future_expansion,0
43,program_number_if_available,0
44,morn_line_oddsif_available,0
45,horse_name,0
46,year_of_birth,0
47,horses_foaling_month,0
48,reserved,0
49,sex,0
50,horses_color,0
51,weight,0
52,sire,0
53,sires_sire,0
54,dam,0
55,dams_sire,0
56,breeder,0
57,state_or_country_abrv_where_bred,0
58,program_post_position_if_avail,0
59,blank_fields_reserved_for_possi_59,0
60,blank_fields_reserved_for_possi_60,0
61,blank_fields_reserved_for_possi_61,0
62,todays_medication_w_or_1st_time_lasix_info_see_also_fields_no17_&_no18,0
63,todays_medication_w_or_o_1st_time_lasix_info,0
64,horses_lifetime_record_at_todays_distance_equipment_change,0
65,horses_lifetime_record_at_todays_distance_starts,1
66,horses_lifetime_record_at_todays_distance_wins,1
67,horses_lifetime_record_at_todays_distance_places,1
68,horses_lifetime_record_at_todays_distance_shows,1
69,horses_lifetime_record_at_todays_distance_earnings,1
70,horses_lifetime_record_at_todays_track_starts,1
71,horses_lifetime_record_at_todays_track_wins,1
72,horses_lifetime_record_at_todays_track_places,1
73,horses_lifetime_record_at_todays_track_shows,1
74,horses_lifetime_record_at_todays_track_earnings,1
75,horses_lifetime_turf_record_starts,0
76,horses_lifetime_turf_record_wins,0
77,horses_lifetime_turf_record_places,0
78,horses_lifetime_turf_record_shows,0
79,horses_lifetime_turf_record_earnings,0
80,horses_lifetime_wet_record_starts,0
81,horses_lifetime_wet_record_wins,0
82,horses_lifetime_wet_record_places,0
83,horses_lifetime_wet_record_shows,0
84,horses_lifetime_wet_record_earnings,0
85,horses_current_year_record_year,0
86,horses_current_year_record_starts,0
87,horses_current_year_record_wins,0
88,horses_current_year_record_places,0
89,horses_current_year_record_shows,0
90,horses_current_year_record_earnings,0
91,horses_previous_year_record_year,0
92,horses_previous_year_record_starts,0
93,horses_previous_year_record_wins,0
94,horses_previous_year_record_places,0
95,horses_previous_year_record_shows,0
96,horses_previous_year_record_earnings,0
97,horses_lifetime_record_starts,0
98,horses_lifetime_record_wins,0
99,horses_lifetime_record_places,0
100,horses_lifetime_record_shows,0
101,horses_lifetime_record_earnings,0
102,date_of_workout_no1,0
103,date_of_workout_no2,0
104,date_of_workout_no3,0
105,date_of_workout_no4,0
106,date_of_workout_no5,0
107,date_of_workout_no6,0
108,date_of_workout_no7,0
109,date_of_workout_no8,0
110,date_of_workout_no9,0
111,date_of_workout_no10,0
112,date_of_workout_no11,0
113,date_of_workout_no12,0
114,time_of_workout_no1,0
115,time_of_workout_no2,0
116,time_of_workout_no3,0
117,time_of_workout_no4,0
118,time_of_workout_no5,0
119,time_of_workout_no6,0
120,time_of_workout_no7,0
121,time_of_workout_no8,0
122,time_of_workout_no9,0
123,time_of_workout_no10,0
124,time_of_workout_no11,0
125,time_of_workout_no12,0
126,track_of_workout_no1,0
127,track_of_workout_no2,0
128,track_of_workout_no3,0
129,track_of_workout_no4,0
130,track_of_workout_no5,0
131,track_of_workout_no6,0
132,track_of_workout_no7,0
133,track_of_workout_no8,0
134,track_of_workout_no9,0
135,track_of_workout_no10,0
136,track_of_workout_no11,0
137,track_of_workout_no12,0
138,distance_of_workout_no1,0
139,distance_of_workout_no2,0
140,distance_of_workout_no3,0
141,distance_of_workout_no4,0
142,distance_of_workout_no5,0
143,distance_of_workout_no6,0
144,distance_of_workout_no7,0
145,distance_of_workout_no8,0
146,distance_of_workout_no9,0
147,distance_of_workout_no10,0
148,distance_of_workout_no11,0
149,distance_of_workout_no12,0
150,track_condition_of_workout_no1,0
151,track_condition_of_workout_no2,0
152,track_condition_of_workout_no3,0
153,track_condition_of_workout_no4,0
154,track_condition_of_workout_no5,0
155,track_condition_of_workout_no6,0
156,track_condition_of_workout_no7,0
157,track_condition_of_workout_no8,0
158,track_condition_of_workout_no9,0
159,track_condition_of_workout_no10,0
160,track_condition_of_workout_no11,0
161,track_condition_of_workout_no12,0
162,description_of_workout_no1,0
163,description_of_workout_no2,0
164,description_of_workout_no3,0
165,description_of_workout_no4,0
166,description_of_workout_no5,0
167,description_of_workout_no6,0
168,description_of_workout_no7,0
169,description_of_workout_no8,0
170,description_of_workout_no9,0
171,description_of_workout_no10,0
172,description_of_workout_no11,0
173,description_of_workout_no12,0
174,main_or_inner_track_indicator_no1,0
175,main_or_inner_track_indicator_no2,0
176,main_or_inner_track_indicator_no3,0
177,main_or_inner_track_indicator_no4,0
178,main_or_inner_track_indicator_no5,0
179,main_or_inner_track_indicator_no6,0
180,main_or_inner_track_indicator_no7,0
181,main_or_inner_track_indicator_no8,0
182,main_or_inner_track_indicator_no9,0
183,main_or_inner_track_indicator_no10,0
184,main_or_inner_track_indicator_no11,0
185,main_or_inner_track_indicator_no12,0
186,day_or_distance_no1,0
187,day_or_distance_no2,0
188,day_or_distance_no3,0
189,day_or_distance_no4,0
190,day_or_distance_no5,0
191,day_or_distance_no6,0
192,day_or_distance_no7,0
193,day_or_distance_no8,0
194,day_or_distance_no9,0
195,day_or_distance_no10,0
196,day_or_distance_no11,0
197,day_or_distance_no12,0
198,other_works_that_day_or_dist_no1,0
199,other_works_that_day_or_dist_no2,0
200,other_works_that_day_or_dist_no3,0
201,other_works_that_day_or_dist_no4,0
202,other_works_that_day_or_dist_no5,0
203,other_works_that_day_or_dist_no6,0
204,other_works_that_day_or_dist_no7,0
205,other_works_that_day_or_dist_no8,0
206,other_works_that_day_or_dist_no9,0
207,other_works_that_day_or_dist_no10,0
208,other_works_that_day_or_dist_no11,0
209,other_works_that_day_or_dist_no12,0
210,bris_run_style_designation,0
211,quirin_style_speed_points,0
212,reserved,0
213,reserved,0
214,2f_bris_pace_par_for_level,0
215,4f_bris_pace_par_for_level,0
216,6f_bris_pace_par_for_level,0
217,bris_speed_par_for_class_level,0
218,bris_late_pace_par_for_level,0
219,t_or_j_combo_no_starts_365d,0
220,t_or_j_combo_no_wins_365d,0
221,t_or_j_combo_no_places_365d,0
222,t_or_j_combo_no_shows_365d,0
223,t_or_j_combo_$2_roi_365d,0
224,no_of_days_since_last_race,0
225,complete_race_condition_lines_225,0
226,complete_race_condition_lines_226,0
227,complete_race_condition_lines_227,0
228,complete_race_condition_lines_228,0
229,complete_race_condition_lines_229,0
230,complete_race_condition_lines_230,0
231,lifetime_starts_all_weather_surface,0
232,lifetime_wins_all_weather_surface,0
233,lifetime_places_all_weather_surface,0
234,lifetime_shows_all_weather_surface,0
235,lifetime_earnings_all_weather_surface,0
236,best_bris_speed_all_weather_surface,0
237,reserved,0
238,low_claiming_price_for_todays_race,0
239,statebred_flag_s_for_todays_race,0
240,wager_types_for_this_race_240,0
241,wager_types_for_this_race_241,0
242,wager_types_for_this_race_242,0
243,wager_types_for_this_race_243,0
244,wager_types_for_this_race_244,0
245,wager_types_for_this_race_245,0
246,wager_types_for_this_race_246,0
247,wager_types_for_this_race_247,0
248,wager_types_for_this_race_248,0
249,reserved,0
250,reserved,0
251,bris_prime_power_rating,0
252,reserved_fields_for_future_use_252,0
253,reserved_fields_for_future_use_253,0
254,reserved_fields_for_future_use_254,0
255,reserved_fields_for_future_use_255,0
256,265_race_date_256,0
257,265_race_date_257,0
258,265_race_date_258,0
259,265_race_date_259,0
260,265_race_date_260,0
261,265_race_date_261,0
262,265_race_date_262,0
263,265_race_date_263,0
264,265_race_date_264,0
265,265_race_date_265,0
266,no_of_days_since_previous_rac_266,0
267,no_of_days_since_previous_rac_267,0
268,no_of_days_since_previous_rac_268,0
269,no_of_days_since_previous_rac_269,0
270,no_of_days_since_previous_rac_270,0
271,no_of_days_since_previous_rac_271,0
272,no_of_days_since_previous_rac_272,0
273,no_of_days_since_previous_rac_273,0
274,no_of_days_since_previous_rac_274,0
275,reserved_no_days_since_prev_rac,0
276,track_code_276,0
277,track_code_277,0
278,track_code_278,0
279,track_code_279,0
280,track_code_280,0
281,track_code_281,0
282,track_code_282,0
283,track_code_283,0
284,track_code_284,0
285,track_code_285,0
286,bris_track_code_286,0
287,bris_track_code_287,0
288,bris_track_code_288,0
289,bris_track_code_289,0
290,bris_track_code_290,0
291,bris_track_code_291,0
292,bris_track_code_292,0
293,bris_track_code_293,0
294,bris_track_code_294,0
295,bris_track_code_295,0
296,race_no_296,0
297,race_no_297,0
298,race_no_298,0
299,race_no_299,0
300,race_no_300,0
301,race_no_301,0
302,race_no_302,0
303,race_no_303,0
304,race_no_304,0
305,race_no_305,0
306,track_condition_306,0
307,track_condition_307,0
308,track_condition_308,0
309,track_condition_309,0
310,track_condition_310,0
311,track_condition_311,0
312,track_condition_312,0
313,track_condition_313,0
314,track_condition_314,0
315,track_condition_315,0
316,distance_in_yards_316,0
317,distance_in_yards_317,0
318,distance_in_yards_318,0
319,distance_in_yards_319,0
320,distance_in_yards_320,0
321,distance_in_yards_321,0
322,distance_in_yards_322,0
323,distance_in_yards_323,0
324,distance_in_yards_324,0
325,distance_in_yards_325,0
326,surface_326,0
327,surface_327,0
328,surface_328,0
329,surface_329,0
330,surface_330,0
331,surface_331,0
332,surface_332,0
333,surface_333,0
334,surface_334,0
335,surface_335,0
336,special_chute_indicator_336,0
337,special_chute_indicator_337,0
338,special_chute_indicator_338,0
339,special_chute_indicator_339,0
340,special_chute_indicator_340,0
341,special_chute_indicator_341,0
342,special_chute_indicator_342,0
343,special_chute_indicator_343,0
344,special_chute_indicator_344,0
345,special_chute_indicator_345,0
346,no_of_entrants_346,0
347,no_of_entrants_347,0
348,no_of_entrants_348,0
349,no_of_entrants_349,0
350,no_of_entrants_350,0
351,no_of_entrants_351,0
352,no_of_entrants_352,0
353,no_of_entrants_353,0
354,no_of_entrants_354,0
355,no_of_entrants_355,0
356,post_position_356,0
357,post_position_357,0
358,post_position_358,0
359,post_position_359,0
360,post_position_360,0
361,post_position_361,0
362,post_position_362,0
363,post_position_363,0
364,post_position_364,0
365,post_position_365,0
366,equipment_366,0
367,equipment_367,0
368,equipment_368,0
369,equipment_369,0
370,equipment_370,0
371,equipment_371,0
372,equipment_372,0
373,equipment_373,0
374,equipment_374,0
375,equipment_375,0
376,racename_of_previous_races_376,0
377,racename_of_previous_races_377,0
378,racename_of_previous_races_378,0
379,racename_of_previous_races_379,0
380,racename_of_previous_races_380,0
381,racename_of_previous_races_381,0
382,racename_of_previous_races_382,0
383,racename_of_previous_races_383,0
384,racename_of_previous_races_384,0
385,racename_of_previous_races_385,0
386,medication_see_also_field_no62_386,0
387,medication_see_also_field_no62_387,0
388,medication_see_also_field_no62_388,0
389,medication_see_also_field_no62_389,0
390,medication_see_also_field_no62_390,0
391,medication_see_also_field_no62_391,0
392,medication_see_also_field_no62_392,0
393,medication_see_also_field_no62_393,0
394,medication_see_also_field_no62_394,0
395,medication_see_also_field_no62_395,0
396,trip_comment_396,0
397,trip_comment_397,0
398,trip_comment_398,0
399,trip_comment_399,0
400,trip_comment_400,0
401,trip_comment_401,0
402,trip_comment_402,0
403,trip_comment_403,0
404,trip_comment_404,0
405,trip_comment_405,0
406,winners_name_406,0
407,winners_name_407,0
408,winners_name_408,0
409,winners_name_409,0
410,winners_name_410,0
411,winners_name_411,0
412,winners_name_412,0
413,winners_name_413,0
414,winners_name_414,0
415,winners_name_415,0
416,2nd_place_finishers_name_416,0
417,2nd_place_finishers_name_417,0
418,2nd_place_finishers_name_418,0
419,2nd_place_finishers_name_419,0
420,2nd_place_finishers_name_420,0
421,2nd_place_finishers_name_421,0
422,2nd_place_finishers_name_422,0
423,2nd_place_finishers_name_423,0
424,2nd_place_finishers_name_424,0
425,2nd_place_finishers_name_425,0
426,3rd_place_finishers_name_426,0
427,3rd_place_finishers_name_427,0
428,3rd_place_finishers_name_428,0
429,3rd_place_finishers_name_429,0
430,3rd_place_finishers_name_430,0
431,3rd_place_finishers_name_431,0
432,3rd_place_finishers_name_432,0
433,3rd_place_finishers_name_433,0
434,3rd_place_finishers_name_434,0
435,3rd_place_finishers_name_435,0
436,winners_weight_carried_436,0
437,winners_weight_carried_437,0
438,winners_weight_carried_438,0
439,winners_weight_carried_439,0
440,winners_weight_carried_440,0
441,winners_weight_carried_441,0
442,winners_weight_carried_442,0
443,winners_weight_carried_443,0
444,winners_weight_carried_444,0
445,winners_weight_carried_445,0
446,2nd_place_weight_carried_446,0
447,2nd_place_weight_carried_447,0
448,2nd_place_weight_carried_448,0
449,2nd_place_weight_carried_449,0
450,2nd_place_weight_carried_450,0
451,2nd_place_weight_carried_451,0
452,2nd_place_weight_carried_452,0
453,2nd_place_weight_carried_453,0
454,2nd_place_weight_carried_454,0
455,2nd_place_weight_carried_455,0
456,2nd_place_weight_carrie_456,0
457,2nd_place_weight_carrie_457,0
458,2nd_place_weight_carrie_458,0
459,2nd_place_weight_carrie_459,0
460,2nd_place_weight_carrie_460,0
461,2nd_place_weight_carrie_461,0
462,2nd_place_weight_carrie_462,0
463,2nd_place_weight_carrie_463,0
464,2nd_place_weight_carrie_464,0
465,2nd_place_weight_carrie_465,0
466,winners_margin_466,0
467,winners_margin_467,0
468,winners_margin_468,0
469,winners_margin_469,0
470,winners_margin_470,0
471,winners_margin_471,0
472,winners_margin_472,0
473,winners_margin_473,0
474,winners_margin_474,0
475,winners_margin_475,0
476,2nd_place_margin_476,0
477,2nd_place_margin_477,0
478,2nd_place_margin_478,0
479,2nd_place_margin_479,0
480,2nd_place_margin_480,0
481,2nd_place_margin_481,0
482,2nd_place_margin_482,0
483,2nd_place_margin_483,0
484,2nd_place_margin_484,0
485,2nd_place_margin_485,0
486,3rd_place_margin_486,0
487,3rd_place_margin_487,0
488,3rd_place_margin_488,0
489,3rd_place_margin_489,0
490,3rd_place_margin_490,0
491,3rd_place_margin_491,0
492,3rd_place_margin_492,0
493,3rd_place_margin_493,0
494,3rd_place_margin_494,0
495,3rd_place_margin_495,0
496,extra_comment_line_496,0
497,extra_comment_line_497,0
498,extra_comment_line_498,0
499,extra_comment_line_499,0
500,extra_comment_line_500,0
501,extra_comment_line_501,0
502,extra_comment_line_502,0
503,extra_comment_line_503,0
504,extra_comment_line_504,0
505,extra_comment_line_505,0
506,weight_506,0
507,weight_507,0
508,weight_508,0
509,weight_509,0
510,weight_510,0
511,weight_511,0
512,weight_512,0
513,weight_513,0
514,weight_514,0
515,weight_515,0
516,odds_516,0
517,odds_517,0
518,odds_518,0
519,odds_519,0
520,odds_520,0
521,odds_521,0
522,odds_522,0
523,odds_523,0
524,odds_524,0
525,odds_525,0
526,entry_526,0
527,entry_527,0
528,entry_528,0
529,entry_529,0
530,entry_530,0
531,entry_531,0
532,entry_532,0
533,entry_533,0
534,entry_534,0
535,entry_535,0
536,race_classification_536,0
537,race_classification_537,0
538,race_classification_538,0
539,race_classification_539,0
540,race_classification_540,0
541,race_classification_541,0
542,race_classification_542,0
543,race_classification_543,0
544,race_classification_544,0
545,race_classification_545,0
546,claiming_price_of_horse_546,0
547,claiming_price_of_horse_547,0
548,claiming_price_of_horse_548,0
549,claiming_price_of_horse_549,0
550,claiming_price_of_horse_550,0
551,claiming_price_of_horse_551,0
552,claiming_price_of_horse_552,0
553,claiming_price_of_horse_553,0
554,claiming_price_of_horse_554,0
555,claiming_price_of_horse_555,0
556,purse_556,0
557,purse_557,0
558,purse_558,0
559,purse_559,0
560,purse_560,0
561,purse_561,0
562,purse_562,0
563,purse_563,0
564,purse_564,0
565,purse_565,0
566,start_call_position_566,0
567,start_call_position_567,0
568,start_call_position_568,0
569,start_call_position_569,0
570,start_call_position_570,0
571,start_call_position_571,0
572,start_call_position_572,0
573,start_call_position_573,0
574,start_call_position_574,0
575,start_call_position_575,0
576,0st_call_positionif_any_576,0
577,0st_call_positionif_any_577,0
578,0st_call_positionif_any_578,0
579,0st_call_positionif_any_579,0
580,0st_call_positionif_any_580,0
581,0st_call_positionif_any_581,0
582,0st_call_positionif_any_582,0
583,0st_call_positionif_any_583,0
584,0st_call_positionif_any_584,0
585,0st_call_positionif_any_585,0
586,2nd_call_positionif_any_586,0
587,2nd_call_positionif_any_587,0
588,2nd_call_positionif_any_588,0
589,2nd_call_positionif_any_589,0
590,2nd_call_positionif_any_590,0
591,2nd_call_positionif_any_591,0
592,2nd_call_positionif_any_592,0
593,2nd_call_positionif_any_593,0
594,2nd_call_positionif_any_594,0
595,2nd_call_positionif_any_595,0
596,gate_call_positionif_any_596,0
597,gate_call_positionif_any_597,0
598,gate_call_positionif_any_598,0
599,gate_call_positionif_any_599,0
600,gate_call_positionif_any_600,0
601,gate_call_positionif_any_601,0
602,gate_call_positionif_any_602,0
603,gate_call_positionif_any_603,0
604,gate_call_positionif_any_604,0
605,gate_call_positionif_any_605,0
606,stretch_position_if_any_606,0
607,stretch_position_if_any_607,0
608,stretch_position_if_any_608,0
609,stretch_position_if_any_609,0
610,stretch_position_if_any_610,0
611,stretch_position_if_any_611,0
612,stretch_position_if_any_612,0
613,stretch_position_if_any_613,0
614,stretch_position_if_any_614,0
615,stretch_position_if_any_615,0
616,finish_position_616,0
617,finish_position_617,0
618,finish_position_618,0
619,finish_position_619,0
620,finish_position_620,0
621,finish_position_621,0
622,finish_position_622,0
623,finish_position_623,0
624,finish_position_624,0
625,finish_position_625,0
626,money_position_626,0
627,money_position_627,0
628,money_position_628,0
629,money_position_629,0
630,money_position_630,0
631,money_position_631,0
632,money_position_632,0
633,money_position_633,0
634,money_position_634,0
635,money_position_635,0
636,start_call_btnlngths_or_ldr_mar_636,0
637,start_call_btnlngths_or_ldr_mar_637,0
638,start_call_btnlngths_or_ldr_mar_638,0
639,start_call_btnlngths_or_ldr_mar_639,0
640,start_call_btnlngths_or_ldr_mar_640,0
641,start_call_btnlngths_or_ldr_mar_641,0
642,start_call_btnlngths_or_ldr_mar_642,0
643,start_call_btnlngths_or_ldr_mar_643,0
644,start_call_btnlngths_or_ldr_mar_644,0
645,start_call_btnlngths_or_ldr_mar_645,0
646,start_call_btnlngths_only_646,0
647,start_call_btnlngths_only_647,0
648,start_call_btnlngths_only_648,0
649,start_call_btnlngths_only_649,0
650,start_call_btnlngths_only_650,0
651,start_call_btnlngths_only_651,0
652,start_call_btnlngths_only_652,0
653,start_call_btnlngths_only_653,0
654,start_call_btnlngths_only_654,0
655,start_call_btnlngths_only_655,0
656,0st_call_btnlngths_or_ldr_margi_656,0
657,0st_call_btnlngths_or_ldr_margi_657,0
658,0st_call_btnlngths_or_ldr_margi_658,0
659,0st_call_btnlngths_or_ldr_margi_659,0
660,0st_call_btnlngths_or_ldr_margi_660,0
661,0st_call_btnlngths_or_ldr_margi_661,0
662,0st_call_btnlngths_or_ldr_margi_662,0
663,0st_call_btnlngths_or_ldr_margi_663,0
664,0st_call_btnlngths_or_ldr_margi_664,0
665,0st_call_btnlngths_or_ldr_margi_665,0
666,0st_call_btnlngths_only_666,0
667,0st_call_btnlngths_only_667,0
668,0st_call_btnlngths_only_668,0
669,0st_call_btnlngths_only_669,0
670,0st_call_btnlngths_only_670,0
671,0st_call_btnlngths_only_671,0
672,0st_call_btnlngths_only_672,0
673,0st_call_btnlngths_only_673,0
674,0st_call_btnlngths_only_674,0
675,0st_call_btnlngths_only_675,0
676,2nd_call_btnlngths_or_ldr_margi_676,0
677,2nd_call_btnlngths_or_ldr_margi_677,0
678,2nd_call_btnlngths_or_ldr_margi_678,0
679,2nd_call_btnlngths_or_ldr_margi_679,0
680,2nd_call_btnlngths_or_ldr_margi_680,0
681,2nd_call_btnlngths_or_ldr_margi_681,0
682,2nd_call_btnlngths_or_ldr_margi_682,0
683,2nd_call_btnlngths_or_ldr_margi_683,0
684,2nd_call_btnlngths_or_ldr_margi_684,0
685,2nd_call_btnlngths_or_ldr_margi_685,0
686,2nd_call_btnlngths_only_686,0
687,2nd_call_btnlngths_only_687,0
688,2nd_call_btnlngths_only_688,0
689,2nd_call_btnlngths_only_689,0
690,2nd_call_btnlngths_only_690,0
691,2nd_call_btnlngths_only_691,0
692,2nd_call_btnlngths_only_692,0
693,2nd_call_btnlngths_only_693,0
694,2nd_call_btnlngths_only_694,0
695,2nd_call_btnlngths_only_695,0
696,bris_race_shape_1st_call_696,0
697,bris_race_shape_1st_call_697,0
698,bris_race_shape_1st_call_698,0
699,bris_race_shape_1st_call_699,0
700,bris_race_shape_1st_call_700,0
701,bris_race_shape_1st_call_701,0
702,bris_race_shape_1st_call_702,0
703,bris_race_shape_1st_call_703,0
704,bris_race_shape_1st_call_704,0
705,bris_race_shape_1st_call_705,0
706,reserved_706,0
707,reserved_707,0
708,reserved_708,0
709,reserved_709,0
710,reserved_710,0
711,reserved_711,0
712,reserved_712,0
713,reserved_713,0
714,reserved_714,0
715,reserved_715,0
716,stretch_btnlngths_or_ldr_margi_716,0
717,stretch_btnlngths_or_ldr_margi_717,0
718,stretch_btnlngths_or_ldr_margi_718,0
719,stretch_btnlngths_or_ldr_margi_719,0
720,stretch_btnlngths_or_ldr_margi_720,0
721,stretch_btnlngths_or_ldr_margi_721,0
722,stretch_btnlngths_or_ldr_margi_722,0
723,stretch_btnlngths_or_ldr_margi_723,0
724,stretch_btnlngths_or_ldr_margi_724,0
725,stretch_btnlngths_or_ldr_margi_725,0
726,stretch_btnlngths_only_726,0
727,stretch_btnlngths_only_727,0
728,stretch_btnlngths_only_728,0
729,stretch_btnlngths_only_729,0
730,stretch_btnlngths_only_730,0
731,stretch_btnlngths_only_731,0
732,stretch_btnlngths_only_732,0
733,stretch_btnlngths_only_733,0
734,stretch_btnlngths_only_734,0
735,stretch_btnlngths_only_735,0
736,finish_btnlngths_or_wnrs_marg_736,0
737,finish_btnlngths_or_wnrs_marg_737,0
738,finish_btnlngths_or_wnrs_marg_738,0
739,finish_btnlngths_or_wnrs_marg_739,0
740,finish_btnlngths_or_wnrs_marg_740,0
741,finish_btnlngths_or_wnrs_marg_741,0
742,finish_btnlngths_or_wnrs_marg_742,0
743,finish_btnlngths_or_wnrs_marg_743,0
744,finish_btnlngths_or_wnrs_marg_744,0
745,finish_btnlngths_or_wnrs_marg_745,0
746,finish_btnlngths_only_746,0
747,finish_btnlngths_only_747,0
748,finish_btnlngths_only_748,0
749,finish_btnlngths_only_749,0
750,finish_btnlngths_only_750,0
751,finish_btnlngths_only_751,0
752,finish_btnlngths_only_752,0
753,finish_btnlngths_only_753,0
754,finish_btnlngths_only_754,0
755,finish_btnlngths_only_755,0
756,bris_race_shape_2nd_call_756,0
757,bris_race_shape_2nd_call_757,0
758,bris_race_shape_2nd_call_758,0
759,bris_race_shape_2nd_call_759,0
760,bris_race_shape_2nd_call_760,0
761,bris_race_shape_2nd_call_761,0
762,bris_race_shape_2nd_call_762,0
763,bris_race_shape_2nd_call_763,0
764,bris_race_shape_2nd_call_764,0
765,bris_race_shape_2nd_call_765,0
766,bris_2f_pace_fig_766,0
767,bris_2f_pace_fig_767,0
768,bris_2f_pace_fig_768,0
769,bris_2f_pace_fig_769,0
770,bris_2f_pace_fig_770,0
771,bris_2f_pace_fig_771,0
772,bris_2f_pace_fig_772,0
773,bris_2f_pace_fig_773,0
774,bris_2f_pace_fig_774,0
775,bris_2f_pace_fig_775,0
776,bris_4f_pace_fig_776,0
777,bris_4f_pace_fig_777,0
778,bris_4f_pace_fig_778,0
779,bris_4f_pace_fig_779,0
780,bris_4f_pace_fig_780,0
781,bris_4f_pace_fig_781,0
782,bris_4f_pace_fig_782,0
783,bris_4f_pace_fig_783,0
784,bris_4f_pace_fig_784,0
785,bris_4f_pace_fig_785,0
786,bris_6f_pace_fig_786,0
787,bris_6f_pace_fig_787,0
788,bris_6f_pace_fig_788,0
789,bris_6f_pace_fig_789,0
790,bris_6f_pace_fig_790,0
791,bris_6f_pace_fig_791,0
792,bris_6f_pace_fig_792,0
793,bris_6f_pace_fig_793,0
794,bris_6f_pace_fig_794,0
795,bris_6f_pace_fig_795,0
796,bris_8f_pace_fig_796,0
797,bris_8f_pace_fig_797,0
798,bris_8f_pace_fig_798,0
799,bris_8f_pace_fig_799,0
800,bris_8f_pace_fig_800,0
801,bris_8f_pace_fig_801,0
802,bris_8f_pace_fig_802,0
803,bris_8f_pace_fig_803,0
804,bris_8f_pace_fig_804,0
805,bris_8f_pace_fig_805,0
806,bris_10f_pace_fig_806,0
807,bris_10f_pace_fig_807,0
808,bris_10f_pace_fig_808,0
809,bris_10f_pace_fig_809,0
810,bris_10f_pace_fig_810,0
811,bris_10f_pace_fig_811,0
812,bris_10f_pace_fig_812,0
813,bris_10f_pace_fig_813,0
814,bris_10f_pace_fig_814,0
815,bris_10f_pace_fig_815,0
816,bris_late_pace_fig_816,0
817,bris_late_pace_fig_817,0
818,bris_late_pace_fig_818,0
819,bris_late_pace_fig_819,0
820,bris_late_pace_fig_820,0
821,bris_late_pace_fig_821,0
822,bris_late_pace_fig_822,0
823,bris_late_pace_fig_823,0
824,bris_late_pace_fig_824,0
825,bris_late_pace_fig_825,0
826,reserved_826,0
827,reserved_827,0
828,reserved_828,0
829,reserved_829,0
830,reserved_830,0
831,reserved_831,0
832,reserved_832,0
833,reserved_833,0
834,reserved_834,0
835,reserved_835,0
836,reserved_836,0
837,reserved_837,0
838,reserved_838,0
839,reserved_839,0
840,reserved_840,0
841,reserved_841,0
842,reserved_842,0
843,reserved_843,0
844,reserved_844,0
845,reserved_845,0
846,bris_speed_rating_846,0
847,bris_speed_rating_847,0
848,bris_speed_rating_848,0
849,bris_speed_rating_849,0
850,bris_speed_rating_850,0
851,bris_speed_rating_851,0
852,bris_speed_rating_852,0
853,bris_speed_rating_853,0
854,bris_speed_rating_854,0
855,bris_speed_rating_855,0
856,speed_rating_856,0
857,speed_rating_857,0
858,speed_rating_858,0
859,speed_rating_859,0
860,speed_rating_860,0
861,speed_rating_861,0
862,speed_rating_862,0
863,speed_rating_863,0
864,speed_rating_864,0
865,speed_rating_865,0
866,track_variant_866,0
867,track_variant_867,0
868,track_variant_868,0
869,track_variant_869,0
870,track_variant_870,0
871,track_variant_871,0
872,track_variant_872,0
873,track_variant_873,0
874,track_variant_874,0
875,track_variant_875,0
876,2f_fraction_if_any_876,0
877,2f_fraction_if_any_877,0
878,2f_fraction_if_any_878,0
879,2f_fraction_if_any_879,0
880,2f_fraction_if_any_880,0
881,2f_fraction_if_any_881,0
882,2f_fraction_if_any_882,0
883,2f_fraction_if_any_883,0
884,2f_fraction_if_any_884,0
885,2f_fraction_if_any_885,0
886,3f_fraction_if_any_886,0
887,3f_fraction_if_any_887,0
888,3f_fraction_if_any_888,0
889,3f_fraction_if_any_889,0
890,3f_fraction_if_any_890,0
891,3f_fraction_if_any_891,0
892,3f_fraction_if_any_892,0
893,3f_fraction_if_any_893,0
894,3f_fraction_if_any_894,0
895,3f_fraction_if_any_895,0
896,3f_fraction_if_any_896,0
897,3f_fraction_if_any_897,0
898,3f_fraction_if_any_898,0
899,3f_fraction_if_any_899,0
900,3f_fraction_if_any_900,0
901,3f_fraction_if_any_901,0
902,3f_fraction_if_any_902,0
903,3f_fraction_if_any_903,0
904,3f_fraction_if_any_904,0
905,3f_fraction_if_any_905,0
906,5f_fraction_if_any_906,0
907,5f_fraction_if_any_907,0
908,5f_fraction_if_any_908,0
909,5f_fraction_if_any_909,0
910,5f_fraction_if_any_910,0
911,5f_fraction_if_any_911,0
912,5f_fraction_if_any_912,0
913,5f_fraction_if_any_913,0
914,5f_fraction_if_any_914,0
915,5f_fraction_if_any_915,0
916,6f_fraction_if_any_916,0
917,6f_fraction_if_any_917,0
918,6f_fraction_if_any_918,0
919,6f_fraction_if_any_919,0
920,6f_fraction_if_any_920,0
921,6f_fraction_if_any_921,0
922,6f_fraction_if_any_922,0
923,6f_fraction_if_any_923,0
924,6f_fraction_if_any_924,0
925,6f_fraction_if_any_925,0
926,7f_fraction_if_any_926,0
927,7f_fraction_if_any_927,0
928,7f_fraction_if_any_928,0
929,7f_fraction_if_any_929,0
930,7f_fraction_if_any_930,0
931,7f_fraction_if_any_931,0
932,7f_fraction_if_any_932,0
933,7f_fraction_if_any_933,0
934,7f_fraction_if_any_934,0
935,7f_fraction_if_any_935,0
936,8f_fraction_if_any_936,0
937,8f_fraction_if_any_937,0
938,8f_fraction_if_any_938,0
939,8f_fraction_if_any_939,0
940,8f_fraction_if_any_940,0
941,8f_fraction_if_any_941,0
942,8f_fraction_if_any_942,0
943,8f_fraction_if_any_943,0
944,8f_fraction_if_any_944,0
945,8f_fraction_if_any_945,0
946,00f_fraction_if_any_946,0
947,00f_fraction_if_any_947,0
948,00f_fraction_if_any_948,0
949,00f_fraction_if_any_949,0
950,00f_fraction_if_any_950,0
951,00f_fraction_if_any_951,0
952,00f_fraction_if_any_952,0
953,00f_fraction_if_any_953,0
954,00f_fraction_if_any_954,0
955,00f_fraction_if_any_955,0
956,02f_fraction_if_any_956,0
957,02f_fraction_if_any_957,0
958,02f_fraction_if_any_958,0
959,02f_fraction_if_any_959,0
960,02f_fraction_if_any_960,0
961,02f_fraction_if_any_961,0
962,02f_fraction_if_any_962,0
963,02f_fraction_if_any_963,0
964,02f_fraction_if_any_964,0
965,02f_fraction_if_any_965,0
966,04f_fraction_if_any_966,0
967,04f_fraction_if_any_967,0
968,04f_fraction_if_any_968,0
969,04f_fraction_if_any_969,0
970,04f_fraction_if_any_970,0
971,04f_fraction_if_any_971,0
972,04f_fraction_if_any_972,0
973,04f_fraction_if_any_973,0
974,04f_fraction_if_any_974,0
975,04f_fraction_if_any_975,0
976,06f_fraction_if_any_976,0
977,06f_fraction_if_any_977,0
978,06f_fraction_if_any_978,0
979,06f_fraction_if_any_979,0
980,06f_fraction_if_any_980,0
981,06f_fraction_if_any_981,0
982,06f_fraction_if_any_982,0
983,06f_fraction_if_any_983,0
984,06f_fraction_if_any_984,0
985,06f_fraction_if_any_985,0
986,fraction_no1_986,0
987,fraction_no1_987,0
988,fraction_no1_988,0
989,fraction_no1_989,0
990,fraction_no1_990,0
991,fraction_no1_991,0
992,fraction_no1_992,0
993,fraction_no1_993,0
994,fraction_no1_994,0
995,fraction_no1_995,0
996,Fraction_no_1,0
997,Fraction_no_2,0
998,Fraction_no_3,0
999,Fraction_no_4,0
1000,Fraction_no_5,0
1001,Fraction_no_6,0
1002,Fraction_no_7,0
1003,Fraction_no_8,0
1004,Fraction_no_9,0
1005,Fraction_no_10,0
1006,fraction_no3_1006,0
1007,fraction_no3_1007,0
1008,fraction_no3_1008,0
1009,fraction_no3_1009,0
1010,fraction_no3_1010,0
1011,fraction_no3_1011,0
1012,fraction_no3_1012,0
1013,fraction_no3_1013,0
1014,fraction_no3_1014,0
1015,fraction_no3_1015,0
1016,reserved_1016,0
1017,reserved_1017,0
1018,reserved_1018,0
1019,reserved_1019,0
1020,reserved_1020,0
1021,reserved_1021,0
1022,reserved_1022,0
1023,reserved_1023,0
1024,reserved_1024,0
1025,reserved_1025,0
1026,reserved_1026,0
1027,reserved_1027,0
1028,reserved_1028,0
1029,reserved_1029,0
1030,reserved_1030,0
1031,reserved_1031,0
1032,reserved_1032,0
1033,reserved_1033,0
1034,reserved_1034,0
1035,reserved_1035,0
1036,final_time_1036,0
1037,final_time_1037,0
1038,final_time_1038,0
1039,final_time_1039,0
1040,final_time_1040,0
1041,final_time_1041,0
1042,final_time_1042,0
1043,final_time_1043,0
1044,final_time_1044,0
1045,final_time_1045,0
1046,claimed_code_1046,0
1047,claimed_code_1047,0
1048,claimed_code_1048,0
1049,claimed_code_1049,0
1050,claimed_code_1050,0
1051,claimed_code_1051,0
1052,claimed_code_1052,0
1053,claimed_code_1053,0
1054,claimed_code_1054,0
1055,claimed_code_1055,0
1056,trainer_when_available_1056,0
1057,trainer_when_available_1057,0
1058,trainer_when_available_1058,0
1059,trainer_when_available_1059,0
1060,trainer_when_available_1060,0
1061,trainer_when_available_1061,0
1062,trainer_when_available_1062,0
1063,trainer_when_available_1063,0
1064,trainer_when_available_1064,0
1065,trainer_when_available_1065,0
1066,jockey_1066,0
1067,jockey_1067,0
1068,jockey_1068,0
1069,jockey_1069,0
1070,jockey_1070,0
1071,jockey_1071,0
1072,jockey_1072,0
1073,jockey_1073,0
1074,jockey_1074,0
1075,jockey_1075,0
1076,apprentice_wt_allow_if_any_1076,0
1077,apprentice_wt_allow_if_any_1077,0
1078,apprentice_wt_allow_if_any_1078,0
1079,apprentice_wt_allow_if_any_1079,0
1080,apprentice_wt_allow_if_any_1080,0
1081,apprentice_wt_allow_if_any_1081,0
1082,apprentice_wt_allow_if_any_1082,0
1083,apprentice_wt_allow_if_any_1083,0
1084,apprentice_wt_allow_if_any_1084,0
1085,apprentice_wt_allow_if_any_1085,0
1086,race_type_1086,0
1087,race_type_1087,0
1088,race_type_1088,0
1089,race_type_1089,0
1090,race_type_1090,0
1091,race_type_1091,0
1092,race_type_1092,0
1093,race_type_1093,0
1094,race_type_1094,0
1095,race_type_1095,0
1096,age_and_sex_restrictions_1096,0
1097,age_and_sex_restrictions_1097,0
1098,age_and_sex_restrictions_1098,0
1099,age_and_sex_restrictions_1099,0
1100,age_and_sex_restrictions_1100,0
1101,age_and_sex_restrictions_1101,0
1102,age_and_sex_restrictions_1102,0
1103,age_and_sex_restrictions_1103,0
1104,age_and_sex_restrictions_1104,0
1105,age_and_sex_restrictions_1105,0
1106,statebred_flag_1106,0
1107,statebred_flag_1107,0
1108,statebred_flag_1108,0
1109,statebred_flag_1109,0
1110,statebred_flag_1110,0
1111,statebred_flag_1111,0
1112,statebred_flag_1112,0
1113,statebred_flag_1113,0
1114,statebred_flag_1114,0
1115,statebred_flag_1115,0
1116,restricted_or_qualifier_flag_1116,0
1117,restricted_or_qualifier_flag_1117,0
1118,restricted_or_qualifier_flag_1118,0
1119,restricted_or_qualifier_flag_1119,0
1120,restricted_or_qualifier_flag_1120,0
1121,restricted_or_qualifier_flag_1121,0
1122,restricted_or_qualifier_flag_1122,0
1123,restricted_or_qualifier_flag_1123,0
1124,restricted_or_qualifier_flag_1124,0
1125,restricted_or_qualifier_flag_1125,0
1126,favorite_indicator_1126,0
1127,favorite_indicator_1127,0
1128,favorite_indicator_1128,0
1129,favorite_indicator_1129,0
1130,favorite_indicator_1130,0
1131,favorite_indicator_1131,0
1132,favorite_indicator_1132,0
1133,favorite_indicator_1133,0
1134,favorite_indicator_1134,0
1135,favorite_indicator_1135,0
1136,front_bandages_indicator_1136,0
1137,front_bandages_indicator_1137,0
1138,front_bandages_indicator_1138,0
1139,front_bandages_indicator_1139,0
1140,front_bandages_indicator_1140,0
1141,front_bandages_indicator_1141,0
1142,front_bandages_indicator_1142,0
1143,front_bandages_indicator_1143,0
1144,front_bandages_indicator_1144,0
1145,front_bandages_indicator_1145,0
1146,reserved,0
1147,trainer_sts_current_year,0
1148,trainer_win_current_year,0
1149,trainer_place_current_year,0
1150,trainer_shows_current_year,0
1151,trainer_roi_current_year,0
1152,trainer_sts_previous_year,0
1153,trainer_win_previous_year,0
1154,trainer_place_previous_year,0
1155,trainer_show_previous_year,0
1156,trainer_roi_previous_year,0
1157,jockey_sts_current_year,0
1158,jockey_win_current_year,0
1159,jockey_place_current_year,0
1160,jockey_show_current_year,0
1161,jockey_roi_current_year,0
1162,jockey_sts_previous_year,0
1163,jockey_win_previous_year,0
1164,jockey_place_previous_year,0
1165,jockey_show_previous_year,0
1166,jockey_roi_previous_year,0
1167,bris_speed_par_for_class_lev_1167,0
1168,bris_speed_par_for_class_lev_1168,0
1169,bris_speed_par_for_class_lev_1169,0
1170,bris_speed_par_for_class_lev_1170,0
1171,bris_speed_par_for_class_lev_1171,0
1172,bris_speed_par_for_class_lev_1172,0
1173,bris_speed_par_for_class_lev_1173,0
1174,bris_speed_par_for_class_lev_1174,0
1175,bris_speed_par_for_class_lev_1175,0
1176,bris_speed_par_for_class_lev_1176,0
1177,sire_stud_fee_current,0
1178,best_bris_speed_fast_track,0
1179,best_bris_speed_turf,0
1180,best_bris_speed_off_track,0
1181,best_bris_speed_distance,0
1182,bar_shoe_1182,0
1183,bar_shoe_1183,0
1184,bar_shoe_1184,0
1185,bar_shoe_1185,0
1186,bar_shoe_1186,0
1187,bar_shoe_1187,0
1188,bar_shoe_1188,0
1189,bar_shoe_1189,0
1190,bar_shoe_1190,0
1191,bar_shoe_1191,0
1192,company_line_codes_1192,0
1193,company_line_codes_1193,0
1194,company_line_codes_1194,0
1195,company_line_codes_1195,0
1196,company_line_codes_1196,0
1197,company_line_codes_1197,0
1198,company_line_codes_1198,0
1199,company_line_codes_1199,0
1200,company_line_codes_1200,0
1201,company_line_codes_1201,0
1202,low_claiming_price_of_race_1202,0
1203,low_claiming_price_of_race_1203,0
1204,low_claiming_price_of_race_1204,0
1205,low_claiming_price_of_race_1205,0
1206,low_claiming_price_of_race_1206,0
1207,low_claiming_price_of_race_1207,0
1208,low_claiming_price_of_race_1208,0
1209,low_claiming_price_of_race_1209,0
1210,low_claiming_price_of_race_1210,0
1211,low_claiming_price_of_race_1211,0
1212,high_claiming_price_of_race_1212,0
1213,high_claiming_price_of_race_1213,0
1214,high_claiming_price_of_race_1214,0
1215,high_claiming_price_of_race_1215,0
1216,high_claiming_price_of_race_1216,0
1217,high_claiming_price_of_race_1217,0
1218,high_claiming_price_of_race_1218,0
1219,high_claiming_price_of_race_1219,0
1220,high_claiming_price_of_race_1220,0
1221,high_claiming_price_of_race_1221,0
1222,auction_price,0
1223,where_or_when_sold_at_auction,0
1224,reserved_for_future_use_1224,0
1225,reserved_for_future_use_1225,0
1226,reserved_for_future_use_1226,0
1227,reserved_for_future_use_1227,0
1228,reserved_for_future_use_1228,0
1229,reserved_for_future_use_1229,0
1230,reserved_for_future_use_1230,0
1231,reserved_for_future_use_1231,0
1232,reserved_for_future_use_1232,0
1233,reserved_for_future_use_1233,0
1234,reserved_for_future_use_1234,0
1235,reserved_for_future_use_1235,0
1236,reserved_for_future_use_1236,0
1237,reserved_for_future_use_1237,0
1238,reserved_for_future_use_1238,0
1239,reserved_for_future_use_1239,0
1240,reserved_for_future_use_1240,0
1241,reserved_for_future_use_1241,0
1242,reserved_for_future_use_1242,0
1243,reserved_for_future_use_1243,0
1244,reserved_for_future_use_1244,0
1245,reserved_for_future_use_1245,0
1246,reserved_for_future_use_1246,0
1247,reserved_for_future_use_1247,0
1248,reserved_for_future_use_1248,0
1249,reserved_for_future_use_1249,0
1250,reserved_for_future_use_1250,0
1251,reserved_for_future_use_1251,0
1252,reserved_for_future_use_1252,0
1253,reserved_for_future_use_1253,0
1254,code_for_prior_10_starts_1254,0
1255,code_for_prior_10_starts_1255,0
1256,code_for_prior_10_starts_1256,0
1257,code_for_prior_10_starts_1257,0
1258,code_for_prior_10_starts_1258,0
1259,code_for_prior_10_starts_1259,0
1260,code_for_prior_10_starts_1260,0
1261,code_for_prior_10_starts_1261,0
1262,code_for_prior_10_starts_1262,0
1263,code_for_prior_10_starts_1263,0
1264,bris_dirt_pedigree_rating,0
1265,bris_mud_pedigree_rating,0
1266,bris_turf_pedigree_rating,0
1267,bris_dist_pedigree_rating,0
1268,claimed_from_and_trainer_switches_1268,0
1269,claimed_from_and_trainer_switches_1269,0
1270,claimed_from_and_trainer_switches_1270,0
1271,claimed_from_and_trainer_switches_1271,0
1272,claimed_from_and_trainer_switches_1272,0
1273,claimed_from_and_trainer_switches_1273,0
1274,claimed_from_and_trainer_switches_1274,0
1275,claimed_from_and_trainer_switches_1275,0
1276,claimed_from_and_trainer_switches_1276,0
1277,claimed_from_and_trainer_switches_1277,0
1278,claimed_from_and_trainer_switches_1278,0
1279,claimed_from_and_trainer_switches_1279,0
1280,claimed_from_and_trainer_switches_1280,0
1281,claimed_from_and_trainer_switches_1281,0
1282,claimed_from_and_trainer_switches_1282,0
1283,claimed_from_and_trainer_switches_1283,0
1284,claimed_from_and_trainer_switches_1284,0
1285,claimed_from_and_trainer_switches_1285,0
1286,claimed_from_and_trainer_switches_1286,0
1287,claimed_from_and_trainer_switches_1287,0
1288,claimed_from_and_trainer_switches_1288,0
1289,claimed_from_and_trainer_switches_1289,0
1290,claimed_from_and_trainer_switches_1290,0
1291,claimed_from_and_trainer_switches_1291,0
1292,claimed_from_and_trainer_switches_1292,0
1293,claimed_from_and_trainer_switches_1293,0
1294,claimed_from_and_trainer_switches_1294,0
1295,claimed_from_and_trainer_switches_1295,0
1296,claimed_from_and_trainer_switches_1296,0
1297,claimed_from_and_trainer_switches_1297,0
1298,claimed_from_and_trainer_switches_1298,0
1299,claimed_from_and_trainer_switches_1299,0
1300,claimed_from_and_trainer_switches_1300,0
1301,claimed_from_and_trainer_switches_1301,0
1302,claimed_from_and_trainer_switches_1302,0
1303,claimed_from_and_trainer_switches_1303,0
1304,claimed_from_and_trainer_switches_1304,0
1305,claimed_from_and_trainer_switches_1305,0
1306,claimed_from_and_trainer_switches_1306,0
1307,claimed_from_and_trainer_switches_1307,0
1308,claimed_from_and_trainer_switches_1308,0
1309,claimed_from_and_trainer_switches_1309,0
1310,claimed_from_and_trainer_switches_1310,0
1311,claimed_from_and_trainer_switches_1311,0
1312,claimed_from_and_trainer_switches_1312,0
1313,claimed_from_and_trainer_switches_1313,0
1314,claimed_from_and_trainer_switches_1314,0
1315,claimed_from_and_trainer_switches_1315,0
1316,claimed_from_and_trainer_switches_1316,0
1317,claimed_from_and_trainer_switches_1317,0
1318,claimed_from_and_trainer_switches_1318,0
1319,claimed_from_and_trainer_switches_1319,0
1320,claimed_from_and_trainer_switches_1320,0
1321,claimed_from_and_trainer_switches_1321,0
1322,claimed_from_and_trainer_switches_1322,0
1323,claimed_from_and_trainer_switches_1323,0
1324,claimed_from_and_trainer_switches_1324,0
1325,claimed_from_and_trainer_switches_1325,0
1326,claimed_from_and_trainer_switches_1326,0
1327,claimed_from_and_trainer_switches_1327,0
1328,best_bris_speed_life,0
1329,best_bris_speed_most_recent,0
1330,best_bris_speed_2nd_most_re,0
1331,best_bris_speed_todays_tra,0
1332,no_starts_fast_dirt,0
1333,no_wins_fast_dirt,0
1334,no_places_fast_dirt,0
1335,no_shows_fast_dirt,0
1336,earnings_fast_dirt,0
1337,key_trnr_stat_category_no1,0
1338,no_of_starts_no1,0
1339,winpercent_no1,0
1340,in-the-money_itm_percent_no1,0
1341,$2returnoninvestment_no1,0
1342,key_trnr_stat_category_no2,0
1343,no_of_starts_no2,0
1344,winpercent_no2,0
1345,in-the-money_itm_percent_no2,0
1346,$2returnoninvestment_no2,0
1347,key_trnr_stat_category_no3,0
1348,no_of_starts_no3,0
1349,winpercent_no3,0
1350,in-the-money_itm_percent_no3,0
1351,$2returnoninvestment_no3,0
1352,key_trnr_stat_category_no4,0
1353,no_of_starts_no4,0
1354,winpercent_no4,0
1355,in-the-money_itm_percent_no4,0
1356,$2returnoninvestment_no4,0
1357,key_trnr_stat_category_no5,0
1358,no_of_starts_no5,0
1359,winpercent_no5,0
1360,in-the-money_itm_percent_no5,0
1361,$2returnoninvestment_no5,0
1362,key_trnr_stat_category_no6,0
1363,no_of_starts_no6,0
1364,winpercent_no6,0
1365,in-the-money_itm_percent_no6,0
1366,$2returnoninvestment_no6,0
1367,jkyatdis_or_jkyonturf_label,0
1368,jkyatdis_or_jkyonturf_starts,0
1369,jkyatdis_or_jkyonturf_wins,0
1370,jkyatdis_or_jkyonturf_places,0
1371,jkyatdis_or_jkyonturf_shows,0
1372,jkyatdis_or_jkyonturf_roi,0
1373,jkyatdis_or_jkyonturf_earnings,0
1374,post_times_by_region,0
1375,reserved_1375,0
1376,reserved_1376,0
1377,reserved_1377,0
1378,reserved_1378,0
1379,reserved_1379,0
1380,reserved_1380,0
1381,reserved_1381,0
1382,reserved_1382,0
1383,extended_start_comment_1383,0
1384,extended_start_comment_1384,0
1385,extended_start_comment_1385,0
1386,extended_start_comment_1386,0
1387,extended_start_comment_1387,0
1388,extended_start_comment_1388,0
1389,extended_start_comment_1389,0
1390,extended_start_comment_1390,0
1391,extended_start_comment_1391,0
1392,extended_start_comment_1392,0
1393,sealed_track_indicator_1393,0
1394,sealed_track_indicator_1394,0
1395,sealed_track_indicator_1395,0
1396,sealed_track_indicator_1396,0
1397,sealed_track_indicator_1397,0
1398,sealed_track_indicator_1398,0
1399,sealed_track_indicator_1399,0
1400,sealed_track_indicator_1400,0
1401,sealed_track_indicator_1401,0
1402,sealed_track_indicator_1402,0
1403,prev_all-weather_surface_flag_1403,0
1404,prev_all-weather_surface_flag_1404,0
1405,prev_all-weather_surface_flag_1405,0
1406,prev_all-weather_surface_flag_1406,0
1407,prev_all-weather_surface_flag_1407,0
1408,prev_all-weather_surface_flag_1408,0
1409,prev_all-weather_surface_flag_1409,0
1410,prev_all-weather_surface_flag_1410,0
1411,prev_all-weather_surface_flag_1411,0
1412,prev_all-weather_surface_flag_1412,0
1413,t_or_j_combo_no_starts_meet,0
1414,t_or_j_combo_nowins_meet,0
1415,t_or_j_combo_noplaces_meet,0
1416,t_or_j_combo_no_shows_meet,0
1417,t_or_j_combo_$2_roi_meet,0
1418,post_time_pacific_military,0
1419,equibase_abbrev_race_condit_1419,0
1420,equibase_abbrev_race_condit_1420,0
1421,equibase_abbrev_race_condit_1421,0
1422,equibase_abbrev_race_condit_1422,0
1423,equibase_abbrev_race_condit_1423,0
1424,equibase_abbrev_race_condit_1424,0
1425,equibase_abbrev_race_condit_1425,0
1426,equibase_abbrev_race_condit_1426,0
1427,equibase_abbrev_race_condit_1427,0
1428,equibase_abbrev_race_condit_1428,0
1429,todays_eqb_abbrev_race_con,0
1430,reserved_1430,0
1431,reserved_1431,0
1432,reserved_1432,0
1433,reserved_1433,0
1434,reserved_1434,0
1435,reserved_1435,0